{"cameraMode":{"drawMode":2,"name":"Shaded Wireframe","section":"Shading Mode"},"sceneLighting":true,"audioPlay":false,"sceneViewState":{"m_AlwaysRefresh":false,"showFog":true,"showSkybox":true,"showFlares":true,"showImageEffects":true,"showParticleSystems":true,"showVisualEffectGraphs":true,"m_FxEnabled":true},"in2DMode":false,"pivot":{"x":0.022659778594970704,"y":0.4999999701976776,"z":0.47499996423721316},"rotation":{"x":-0.042452406138181689,"y":0.848540723323822,"z":-0.06888052076101303,"w":-0.5229161977767944},"size":0.9916863441467285,"orthographic":false}