{"cameraMode":{"drawMode":2,"name":"Shaded Wireframe","section":"Shading Mode"},"sceneLighting":true,"audioPlay":false,"sceneViewState":{"m_AlwaysRefresh":false,"showFog":true,"showSkybox":true,"showFlares":true,"showImageEffects":true,"showParticleSystems":true,"showVisualEffectGraphs":true,"m_FxEnabled":true},"in2DMode":false,"pivot":{"x":-0.18705733120441438,"y":0.9719401001930237,"z":-0.25935328006744387},"rotation":{"x":0.1749718189239502,"y":0.1362839639186859,"z":0.024447202682495118,"w":-0.9747995138168335},"size":2.4303677082061769,"orthographic":false}