{"cameraMode":{"drawMode":2,"name":"Shaded Wireframe","section":"Shading Mode"},"sceneLighting":false,"audioPlay":false,"sceneViewState":{"m_AlwaysRefresh":false,"showFog":true,"showSkybox":false,"showFlares":true,"showImageEffects":true,"showParticleSystems":true,"showVisualEffectGraphs":true,"m_FxEnabled":true},"in2DMode":false,"pivot":{"x":-2.492781162261963,"y":0.6437761783599854,"z":0.030934199690818788},"rotation":{"x":-0.044927000999450687,"y":0.5533894896507263,"z":0.029912343248724939,"w":0.8311728239059448},"size":0.8660253882408142,"orthographic":false}