{"cameraMode":{"drawMode":2,"name":"Shaded Wireframe","section":"Shading Mode"},"sceneLighting":false,"audioPlay":false,"sceneViewState":{"m_AlwaysRefresh":false,"showFog":true,"showSkybox":false,"showFlares":true,"showImageEffects":true,"showParticleSystems":true,"showVisualEffectGraphs":true,"m_FxEnabled":true},"in2DMode":false,"pivot":{"x":-0.3213545083999634,"y":0.3120660185813904,"z":0.17831838130950929},"rotation":{"x":0.1026172861456871,"y":-0.41870442032814028,"z":0.047685831785202029,"w":0.9010481238365173},"size":0.7075485587120056,"orthographic":false}