{"cameraMode":{"drawMode":0,"name":"Shaded","section":"Shading Mode"},"sceneLighting":false,"audioPlay":false,"sceneViewState":{"m_AlwaysRefresh":false,"showFog":true,"showSkybox":false,"showFlares":true,"showImageEffects":true,"showParticleSystems":true,"showVisualEffectGraphs":true,"m_FxEnabled":true},"in2DMode":false,"pivot":{"x":0.06841850280761719,"y":0.5230262875556946,"z":0.13638001680374146},"rotation":{"x":-0.023322558030486108,"y":0.7824029326438904,"z":0.029353931546211244,"w":0.6216447353363037},"size":0.7112584114074707,"orthographic":false}