{"cameraMode":{"drawMode":2,"name":"Shaded Wireframe","section":"Shading Mode"},"sceneLighting":false,"audioPlay":false,"sceneViewState":{"m_AlwaysRefresh":false,"showFog":true,"showSkybox":false,"showFlares":true,"showImageEffects":true,"showParticleSystems":true,"showVisualEffectGraphs":true,"m_FxEnabled":true},"in2DMode":false,"pivot":{"x":-0.21122753620147706,"y":0.6380961537361145,"z":0.3613920211791992},"rotation":{"x":0.17400720715522767,"y":0.004431786946952343,"z":-0.0007821964100003243,"w":0.9847370982170105},"size":0.43084222078323367,"orthographic":false}