{"cameraMode":{"drawMode":2,"name":"Shaded Wireframe","section":"Shading Mode"},"sceneLighting":false,"audioPlay":false,"sceneViewState":{"m_AlwaysRefresh":false,"showFog":true,"showSkybox":false,"showFlares":true,"showImageEffects":true,"showParticleSystems":true,"showVisualEffectGraphs":true,"m_FxEnabled":true},"in2DMode":false,"pivot":{"x":0.0036420822143554689,"y":0.6013360023498535,"z":0.0006741732358932495},"rotation":{"x":0.005946984514594078,"y":-0.7505870461463928,"z":-0.006755403243005276,"w":-0.6607185006141663},"size":0.8660253882408142,"orthographic":true}